crop,year,yield_ton_ha,pesticides_tonnes,avg_temp,avg_temp_sd,n_rows,N,P,K,temperature,humidity,ph,NPK_total,health_score,crop_code
maize,1990,1.4014,5299.0,24.224444444444444,2.352982740645961,9,92.5,27.72,40.03,25.54801230123333,80.86514223373334,6.366591158586667,160.25,0.9921,0
maize,1991,1.4235,5962.0,23.763333333333335,2.6229563473302413,9,92.5,27.72,40.03,25.54801230123333,80.86514223373334,6.366591158586667,160.25,0.9921,0
maize,1992,1.3966,5518.0,23.668888888888887,2.652161592194396,9,92.5,27.72,40.03,25.54801230123333,80.86514223373334,6.366591158586667,160.25,0.9921,0
maize,1993,1.3983,4945.0,24.41222222222222,2.7336366701601817,9,92.5,27.72,40.03,25.54801230123333,80.86514223373334,6.366591158586667,160.25,0.9921,0
maize,1994,1.5004,6183.0,24.054444444444446,2.5054097025791555,9,92.5,27.72,40.03,25.54801230123333,80.86514223373334,6.366591158586667,160.25,0.9921,0
maize,1995,1.6908,7681.0,23.944444444444443,2.6386744357305196,9,92.5,27.72,40.03,25.54801230123333,80.86514223373334,6.366591158586667,160.25,0.9921,0
maize,1996,1.5884,11955.0,23.88888888888889,2.59611943313691,9,92.5,27.72,40.03,25.54801230123333,80.86514223373334,6.366591158586667,160.25,0.9921,0
maize,1997,1.6352,16936.0,23.425555555555558,2.5251391600816335,9,92.5,27.72,40.03,25.54801230123333,80.86514223373334,6.366591158586667,160.25,0.9921,0
maize,1998,1.7853,18406.0,24.44,2.6935664090569595,9,92.5,27.72,40.03,25.54801230123333,80.86514223373334,6.366591158586667,160.25,0.9921,0
maize,1999,1.7169,20450.0,24.857777777777777,2.3857586727170137,9,92.5,27.72,40.03,25.54801230123333,80.86514223373334,6.366591158586667,160.25,0.9921,0
maize,2000,1.7086,27885.0,24.742222222222225,2.466286569813907,9,92.5,27.72,40.03,25.54801230123333,80.86514223373334,6.366591158586667,160.25,0.9921,0
maize,2001,1.7631,11871.0,24.721111111111114,2.4228208995117884,9,92.5,27.72,40.03,25.54801230123333,80.86514223373334,6.366591158586667,160.25,0.9921,0
maize,2002,1.8448,10881.83,24.94333333333333,2.5011597310047993,9,92.5,27.72,40.03,25.54801230123333,80.86514223373334,6.366591158586667,160.25,0.9921,0
maize,2004,2.8488,8903.48,24.974444444444444,2.4875797027990436,9,92.5,27.72,40.03,25.54801230123333,80.86514223373334,6.366591158586667,160.25,0.9921,0
maize,2005,2.9843,7914.31,24.05777777777778,2.622721762681746,9,92.5,27.72,40.03,25.54801230123333,80.86514223373334,6.366591158586667,160.25,0.9921,0
maize,2006,3.0368,6925.13,24.465555555555554,2.414845290650682,9,92.5,27.72,40.03,25.54801230123333,80.86514223373334,6.366591158586667,160.25,0.9921,0
maize,2007,3.4265,5935.96,24.582222222222224,2.538655046366963,9,92.5,27.72,40.03,25.54801230123333,80.86514223373334,6.366591158586667,160.25,0.9921,0
maize,2008,3.4154,4946.79,24.33888888888889,2.4369009235319985,9,92.5,27.72,40.03,25.54801230123333,80.86514223373334,6.366591158586667,160.25,0.9921,0
maize,2009,3.4879,3957.61,24.763333333333335,2.6195848907794526,9,92.5,27.72,40.03,25.54801230123333,80.86514223373334,6.366591158586667,160.25,0.9921,0
maize,2010,3.8052,2968.44,24.885555555555555,2.58039295026509,9,92.5,27.72,40.03,25.54801230123333,80.86514223373334,6.366591158586667,160.25,0.9921,0
maize,2011,3.9897,1979.27,24.48,2.4286776237285994,9,92.5,27.72,40.03,25.54801230123333,80.86514223373334,6.366591158586667,160.25,0.9921,0
maize,2012,3.983,990.09,24.20777777777778,2.5901340591645914,9,92.5,27.72,40.03,25.54801230123333,80.86514223373334,6.366591158586667,160.25,0.9921,0
maize,2013,4.2313,0.92,25.242222222222225,2.4247307983453434,9,92.5,27.72,40.03,25.54801230123333,80.86514223373334,6.366591158586667,160.25,0.9921,0
wheat,1990,1.8249,5299.0,24.224444444444444,2.352982740645961,9,19.75,56.50666666666667,83.37,22.41150321063333,91.5430318095,6.458597408579999,159.6266666666667,0.0007,1
wheat,1991,1.841,5962.0,23.763333333333335,2.6229563473302413,9,19.75,56.50666666666667,83.37,22.41150321063333,91.5430318095,6.458597408579999,159.6266666666667,0.0007,1
wheat,1992,1.991,5518.0,23.668888888888887,2.652161592194396,9,19.75,56.50666666666667,83.37,22.41150321063333,91.5430318095,6.458597408579999,159.6266666666667,0.0007,1
wheat,1993,1.9466,4945.0,24.41222222222222,2.7336366701601817,9,19.75,56.50666666666667,83.37,22.41150321063333,91.5430318095,6.458597408579999,159.6266666666667,0.0007,1
wheat,1994,1.8935,6183.0,24.054444444444446,2.5054097025791555,9,19.75,56.50666666666667,83.37,22.41150321063333,91.5430318095,6.458597408579999,159.6266666666667,0.0007,1
wheat,1995,2.0811,7681.0,23.944444444444443,2.6386744357305196,9,19.75,56.50666666666667,83.37,22.41150321063333,91.5430318095,6.458597408579999,159.6266666666667,0.0007,1
wheat,1996,2.0184,11955.0,23.88888888888889,2.59611943313691,9,19.75,56.50666666666667,83.37,22.41150321063333,91.5430318095,6.458597408579999,159.6266666666667,0.0007,1
wheat,1997,2.0533,16936.0,23.425555555555558,2.5251391600816335,9,19.75,56.50666666666667,83.37,22.41150321063333,91.5430318095,6.458597408579999,159.6266666666667,0.0007,1
wheat,1998,2.2376,18406.0,24.44,2.6935664090569595,9,19.75,56.50666666666667,83.37,22.41150321063333,91.5430318095,6.458597408579999,159.6266666666667,0.0007,1
wheat,1999,2.1698,20450.0,24.857777777777777,2.3857586727170137,9,19.75,56.50666666666667,83.37,22.41150321063333,91.5430318095,6.458597408579999,159.6266666666667,0.0007,1
wheat,2000,2.4907,27885.0,24.742222222222225,2.466286569813907,9,19.75,56.50666666666667,83.37,22.41150321063333,91.5430318095,6.458597408579999,159.6266666666667,0.0007,1
wheat,2001,2.3254,11871.0,24.721111111111114,2.4228208995117884,9,19.75,56.50666666666667,83.37,22.41150321063333,91.5430318095,6.458597408579999,159.6266666666667,0.0007,1
wheat,2002,2.2621,10881.83,24.94333333333333,2.5011597310047993,9,19.75,56.50666666666667,83.37,22.41150321063333,91.5430318095,6.458597408579999,159.6266666666667,0.0007,1
wheat,2004,2.3733,8903.48,24.974444444444444,2.4875797027990436,9,19.75,56.50666666666667,83.37,22.41150321063333,91.5430318095,6.458597408579999,159.6266666666667,0.0007,1
wheat,2005,2.5858,7914.31,24.05777777777778,2.622721762681746,9,19.75,56.50666666666667,83.37,22.41150321063333,91.5430318095,6.458597408579999,159.6266666666667,0.0007,1
wheat,2006,2.5186,6925.13,24.465555555555554,2.414845290650682,9,19.75,56.50666666666667,83.37,22.41150321063333,91.5430318095,6.458597408579999,159.6266666666667,0.0007,1
wheat,2007,2.7156,5935.96,24.582222222222224,2.538655046366963,9,19.75,56.50666666666667,83.37,22.41150321063333,91.5430318095,6.458597408579999,159.6266666666667,0.0007,1
wheat,2008,2.4514,4946.79,24.33888888888889,2.4369009235319985,9,19.75,56.50666666666667,83.37,22.41150321063333,91.5430318095,6.458597408579999,159.6266666666667,0.0007,1
wheat,2009,2.6568,3957.61,24.763333333333335,2.6195848907794526,9,19.75,56.50666666666667,83.37,22.41150321063333,91.5430318095,6.458597408579999,159.6266666666667,0.0007,1
wheat,2010,2.5528,2968.44,24.885555555555555,2.58039295026509,9,19.75,56.50666666666667,83.37,22.41150321063333,91.5430318095,6.458597408579999,159.6266666666667,0.0007,1
wheat,2011,2.8328,1979.27,24.48,2.4286776237285994,9,19.75,56.50666666666667,83.37,22.41150321063333,91.5430318095,6.458597408579999,159.6266666666667,0.0007,1
wheat,2012,2.7138,990.09,24.20777777777778,2.5901340591645914,9,19.75,56.50666666666667,83.37,22.41150321063333,91.5430318095,6.458597408579999,159.6266666666667,0.0007,1
wheat,2013,2.7957,0.92,25.242222222222225,2.4247307983453434,9,19.75,56.50666666666667,83.37,22.41150321063333,91.5430318095,6.458597408579999,159.6266666666667,0.0007,1
