protocol,features,rmse_resid_rf,rmse_trend,gain,gain_lo,gain_hi,p_gain_pos
LOYO,crop only,0.2427864489933115,0.24320935266622964,0.0004045595139497294,-0.0005916664053492004,0.0012784681108647725,0.8
LOYO,+ year (comparison),0.17284426614209417,0.24320935266622964,0.0700687452597628,0.04362907921273528,0.09302268274562475,1.0
LOYO,+ temperature,0.24270491454544146,0.24320935266622964,0.0005197954674110157,-0.03379875506989542,0.027466704406214723,0.5425
LOYO,+ pesticides,0.15786002166781415,0.24320935266622964,0.08472796538100824,0.04821393412163835,0.11651784392107203,0.9995
LOYO,all three,0.15889667001460508,0.24320935266622964,0.0837932597146176,0.050136655092057524,0.11468622631156165,1.0
Forward,crop only,0.31568163082721884,0.3166638574025418,0.0009738142987735703,-4.477293467780654e-05,0.0019516000521991107,0.9715
Forward,+ year (comparison),0.27374152431855786,0.3166638574025418,0.04457949251964827,0.019393475708177024,0.07442950550263978,1.0
Forward,+ temperature,0.32861283311390993,0.3166638574025418,-0.012473922233944579,-0.04692955517380652,0.0175147823158037,0.228
Forward,+ pesticides,0.25052092427393235,0.3166638574025418,0.0687192299375587,0.03792080985564053,0.10055550642258186,1.0
Forward,all three,0.25966378075986496,0.3166638574025418,0.05983975161625247,0.02597140097186172,0.09628249001648732,1.0
