protocol,model,rmse,ci_lo,ci_hi,r2
Random,District mean,0.26294660545219956,,,0.825180597612056
Random,District mean + common trend,0.2276135525996529,,,0.8689985483080142
Random,Ridge (district + time),0.23150524283565496,,,0.8644771351983606
Random,Random Forest (district + time),0.3341264521199501,,,0.717708503755838
Random,XGBoost (district + time),0.24031091875014698,,,0.8538622426188031
LOSO,District mean,0.26116317784379955,0.21290847989649309,0.30914958786014024,0.8275592727030258
LOSO,District mean + common trend,0.23072405012693145,0.20766213802752886,0.25201267456932713,0.8654134407605032
LOSO,Ridge (district + time),0.23392556258854882,0.2106599054567711,0.2564539548382055,0.8616524979193502
LOSO,Random Forest (district + time),0.3399143184559323,0.3065831025442162,0.37158671306707985,0.7078843161705921
LOSO,XGBoost (district + time),0.2584942768653197,0.22299590959255364,0.28950696776194207,0.831065705983334
LOSO,Oracle season shock,0.19907038640745917,0.17936379272139966,0.21990443936079765,0.8998088697631402
Forward,District mean,0.27914143423048665,0.2269220250485103,0.33252107597981756,0.7989990851402611
Forward,District mean + common trend,0.24601504842378294,0.20285461804567764,0.28634626153872583,0.8438748857203139
Forward,Ridge (district + time),0.25472215584473196,0.2147024004456843,0.2934678306277363,0.8326279766054574
Forward,Random Forest (district + time),0.33413449353439506,0.29062414356732896,0.3822808184629086,0.7120002932966305
Forward,XGBoost (district + time),0.2639667822212387,0.20846283871023633,0.31890598588536884,0.8202586580957838
Forward,Oracle season shock,0.21574714135147388,0.17968893739845254,0.2501947555260515,0.8799286142089477
