rmse,mae,r2,ci_lo,ci_hi,model,features,protocol,rmse_sd
0.7765944191396452,0.6373335968379445,-0.08604188071622798,0.6575681294475629,0.887436746685051,CropMean,-,LOYO,
0.24320935266622964,0.16956716586783363,0.8934830833809546,0.17884132256044755,0.3017001702235543,CropTrend,-,LOYO,
0.6542888047770898,0.5312971325639949,0.22910181817682174,0.5600159520898061,0.7439222111497404,Ridge,A,LOYO,
0.593065002388561,0.39086077402009206,0.3666224940634142,0.40053903061653456,0.759435532525364,RF,A,LOYO,
0.6513454027747448,0.38056135368347166,0.23602218545072418,0.3937053904039842,0.8711529627938625,XGB,A,LOYO,
0.5917933866191749,0.40615143187340985,0.36933568523612703,0.406157198257427,0.7626685506485177,SVR,A,LOYO,
0.7365739164904725,0.57268523538516,0.02300866076552055,0.5749964718494031,0.8761782966973213,Stack,A,LOYO,
0.5940679501782572,0.3903169712862316,0.36447844001725327,0.40061765847467146,0.7623835565396276,RF,B,LOYO,
0.6513454027747448,0.38056135368347166,0.23602218545072418,0.3937053904039842,0.8711529627938625,XGB,B,LOYO,
0.7374031365093234,0.573914397606696,0.02080766836369763,0.5771661039589011,0.8774023446098705,Stack,B,LOYO,
0.14119521878867794,0.11269571739130459,0.9640997044381181,0.11114656586312606,0.1679936456454837,RF,C,LOYO,
0.20673930178473704,0.13403122609179954,0.9230330754944185,0.12410086007124636,0.29922567971123126,XGB,C,LOYO,
0.30308301611104993,0.20027523340671896,0.834582579740759,0.18235067912796601,0.43479353117106057,SVR,C,LOYO,
0.2753381083707707,0.19420484668001495,0.8634817566163068,0.18892650481647094,0.3574610239773081,Stack,C,LOYO,
0.4067952146128034,0.3590468149285833,0.7020044947961166,0.34583435993383543,0.46310644527471895,Ridge,C,LOYO,
0.9428022540553799,0.736017572255273,-0.8690884560732999,0.7454240298776081,1.1064446167152115,CropMean,-,Forward,
0.3166638574025418,0.21961981059129776,0.7891441637006598,0.21837272239062652,0.40919146565123715,CropTrend,-,Forward,
0.7788574922028764,0.5808209524763606,-0.2755709932864503,0.6157427113202611,0.9130639518833494,Ridge,A,Forward,
0.7132987972584889,0.5080914499999999,-0.06987148937508847,0.4953720785815004,0.9050922023612955,RF,A,Forward,
0.8173300661218998,0.5329924669265746,-0.40469999541434554,0.49193384354880804,1.0803850742051948,XGB,A,Forward,
0.694672052771261,0.527324627880572,-0.0147248246390419,0.5020474533210459,0.8611255086088961,SVR,A,Forward,
0.956295909311495,0.7226250629120725,-0.9229731791117985,0.7374459401071075,1.1445299431320837,Stack,A,Forward,
0.7130404648771099,0.5055856999999998,-0.06909668812053549,0.49317042416458556,0.9061010047881383,RF,B,Forward,
0.8173300661218998,0.5329924669265746,-0.40469999541434554,0.49193384354880804,1.0803850742051948,XGB,B,Forward,
0.9575468074864107,0.7236660379506807,-0.9280072210987163,0.7402806603100597,1.1457793751500758,Stack,B,Forward,
0.3331016547532319,0.2280661500000008,0.7666852415721062,0.19962029861954025,0.4596541778700531,RF,C,Forward,
0.3227674631234569,0.21662745042165124,0.7809374552082872,0.1745939021866997,0.45594148529285966,XGB,C,Forward,
0.3543009933399352,0.24526260501778321,0.7360428863398557,0.24076625679252311,0.45178114460825763,SVR,C,Forward,
0.38773560825920006,0.290938273157243,0.6838741539520226,0.27645859690746344,0.49671923755443254,Stack,C,Forward,
0.5068688672544934,0.40770938227900616,0.459768548317108,0.4013277067804969,0.5897186719548718,Ridge,C,Forward,
0.7792188671404363,0.6374948188918588,-0.09396910683438006,,,CropMean,-,Random,0.017860077758665608
0.2402608820154423,0.16920762663626504,0.8959644235357022,,,CropTrend,-,Random,0.0068966869105015075
0.6508624464417618,0.5277390334353611,0.2363640640498664,,,Ridge,A,Random,0.0209537132141857
0.5155748050137164,0.33552621608954414,0.52100003610776,,,RF,A,Random,0.013418228027257756
0.5026069552648829,0.3004958090375818,0.5437287332168842,,,XGB,A,Random,0.027604642832228722
0.5857552075275214,0.40712910257101614,0.3799043524762264,,,SVR,A,Random,0.03523173790684909
0.7477728349164444,0.5883190645327745,-0.012038592122436142,,,Stack,A,Random,0.053285095919138874
0.5154202850351993,0.3346502097748444,0.5213256850176727,,,RF,B,Random,0.01259044857138093
0.5026069552648829,0.3004958090375818,0.5437287332168842,,,XGB,B,Random,0.027604642832228722
0.7484916552269057,0.5883845648478375,-0.014141359149911303,,,Stack,B,Random,0.054142968861012226
0.16787792241608632,0.12662537608695687,0.9490291026631572,,,RF,C,Random,0.011048682693502973
0.2105975459772941,0.14323877189055736,0.9198047409956583,,,XGB,C,Random,0.013511685323055876
0.2714982929545114,0.18758987815189135,0.8648498272238674,,,SVR,C,Random,0.03660650555775874
0.2718462424718455,0.2014523234165369,0.8640719175273706,,,Stack,C,Random,0.03978652086468233
0.43627655014542677,0.3820017806279143,0.6567486983381677,,,Ridge,C,Random,0.01662795087764628
