crop,year,rainfall_mm,pesticides_tonnes,avg_temp,N,P,K,temperature,humidity,ph,temp_x_rainfall,NPK_total,yield_ton_ha,crop_encoded,health_score
maize,1990,494.0,5299.0,24.81,92.5,27.72,40.03,25.54801230123333,80.86514223373334,6.366591158586667,12256.14,160.25,1.4014,0,0.9921
maize,1990,494.0,5299.0,23.14,92.5,27.72,40.03,25.54801230123333,80.86514223373334,6.366591158586667,11431.16,160.25,1.4014,0,0.9921
maize,1990,494.0,5299.0,27.0,92.5,27.72,40.03,25.54801230123333,80.86514223373334,6.366591158586667,13338.0,160.25,1.4014,0,0.9921
maize,1990,494.0,5299.0,23.14,92.5,27.72,40.03,25.54801230123333,80.86514223373334,6.366591158586667,11431.16,160.25,1.4014,0,0.9921
maize,1990,494.0,5299.0,26.39,92.5,27.72,40.03,25.54801230123333,80.86514223373334,6.366591158586667,13036.66,160.25,1.4014,0,0.9921
maize,1990,494.0,5299.0,24.81,92.5,27.72,40.03,25.54801230123333,80.86514223373334,6.366591158586667,12256.14,160.25,1.4014,0,0.9921
maize,1990,494.0,5299.0,26.23,92.5,27.72,40.03,25.54801230123333,80.86514223373334,6.366591158586667,12957.62,160.25,1.4014,0,0.9921
maize,1990,494.0,5299.0,19.36,92.5,27.72,40.03,25.54801230123333,80.86514223373334,6.366591158586667,9563.84,160.25,1.4014,0,0.9921
maize,1990,494.0,5299.0,23.14,92.5,27.72,40.03,25.54801230123333,80.86514223373334,6.366591158586667,11431.16,160.25,1.4014,0,0.9921
wheat,1990,494.0,5299.0,24.81,19.75,56.50666666666667,83.37,22.41150321063333,91.5430318095,6.458597408579999,12256.14,159.6266666666667,1.8249,1,0.0007
wheat,1990,494.0,5299.0,23.14,19.75,56.50666666666667,83.37,22.41150321063333,91.5430318095,6.458597408579999,11431.16,159.6266666666667,1.8249,1,0.0007
wheat,1990,494.0,5299.0,27.0,19.75,56.50666666666667,83.37,22.41150321063333,91.5430318095,6.458597408579999,13338.0,159.6266666666667,1.8249,1,0.0007
wheat,1990,494.0,5299.0,23.14,19.75,56.50666666666667,83.37,22.41150321063333,91.5430318095,6.458597408579999,11431.16,159.6266666666667,1.8249,1,0.0007
wheat,1990,494.0,5299.0,26.39,19.75,56.50666666666667,83.37,22.41150321063333,91.5430318095,6.458597408579999,13036.66,159.6266666666667,1.8249,1,0.0007
wheat,1990,494.0,5299.0,24.81,19.75,56.50666666666667,83.37,22.41150321063333,91.5430318095,6.458597408579999,12256.14,159.6266666666667,1.8249,1,0.0007
wheat,1990,494.0,5299.0,26.23,19.75,56.50666666666667,83.37,22.41150321063333,91.5430318095,6.458597408579999,12957.62,159.6266666666667,1.8249,1,0.0007
wheat,1990,494.0,5299.0,19.36,19.75,56.50666666666667,83.37,22.41150321063333,91.5430318095,6.458597408579999,9563.84,159.6266666666667,1.8249,1,0.0007
wheat,1990,494.0,5299.0,23.14,19.75,56.50666666666667,83.37,22.41150321063333,91.5430318095,6.458597408579999,11431.16,159.6266666666667,1.8249,1,0.0007
maize,1991,494.0,5962.0,24.38,92.5,27.72,40.03,25.54801230123333,80.86514223373334,6.366591158586667,12043.72,160.25,1.4235,0,0.9921
maize,1991,494.0,5962.0,22.48,92.5,27.72,40.03,25.54801230123333,80.86514223373334,6.366591158586667,11105.12,160.25,1.4235,0,0.9921
maize,1991,494.0,5962.0,26.98,92.5,27.72,40.03,25.54801230123333,80.86514223373334,6.366591158586667,13328.12,160.25,1.4235,0,0.9921
maize,1991,494.0,5962.0,22.48,92.5,27.72,40.03,25.54801230123333,80.86514223373334,6.366591158586667,11105.12,160.25,1.4235,0,0.9921
maize,1991,494.0,5962.0,26.34,92.5,27.72,40.03,25.54801230123333,80.86514223373334,6.366591158586667,13011.96,160.25,1.4235,0,0.9921
maize,1991,494.0,5962.0,24.38,92.5,27.72,40.03,25.54801230123333,80.86514223373334,6.366591158586667,12043.72,160.25,1.4235,0,0.9921
maize,1991,494.0,5962.0,25.87,92.5,27.72,40.03,25.54801230123333,80.86514223373334,6.366591158586667,12779.78,160.25,1.4235,0,0.9921
maize,1991,494.0,5962.0,18.48,92.5,27.72,40.03,25.54801230123333,80.86514223373334,6.366591158586667,9129.12,160.25,1.4235,0,0.9921
maize,1991,494.0,5962.0,22.48,92.5,27.72,40.03,25.54801230123333,80.86514223373334,6.366591158586667,11105.12,160.25,1.4235,0,0.9921
wheat,1991,494.0,5962.0,24.38,19.75,56.50666666666667,83.37,22.41150321063333,91.5430318095,6.458597408579999,12043.72,159.6266666666667,1.841,1,0.0007
wheat,1991,494.0,5962.0,22.48,19.75,56.50666666666667,83.37,22.41150321063333,91.5430318095,6.458597408579999,11105.12,159.6266666666667,1.841,1,0.0007
wheat,1991,494.0,5962.0,26.98,19.75,56.50666666666667,83.37,22.41150321063333,91.5430318095,6.458597408579999,13328.12,159.6266666666667,1.841,1,0.0007
wheat,1991,494.0,5962.0,22.48,19.75,56.50666666666667,83.37,22.41150321063333,91.5430318095,6.458597408579999,11105.12,159.6266666666667,1.841,1,0.0007
wheat,1991,494.0,5962.0,26.34,19.75,56.50666666666667,83.37,22.41150321063333,91.5430318095,6.458597408579999,13011.96,159.6266666666667,1.841,1,0.0007
wheat,1991,494.0,5962.0,24.38,19.75,56.50666666666667,83.37,22.41150321063333,91.5430318095,6.458597408579999,12043.72,159.6266666666667,1.841,1,0.0007
wheat,1991,494.0,5962.0,25.87,19.75,56.50666666666667,83.37,22.41150321063333,91.5430318095,6.458597408579999,12779.78,159.6266666666667,1.841,1,0.0007
wheat,1991,494.0,5962.0,18.48,19.75,56.50666666666667,83.37,22.41150321063333,91.5430318095,6.458597408579999,9129.12,159.6266666666667,1.841,1,0.0007
wheat,1991,494.0,5962.0,22.48,19.75,56.50666666666667,83.37,22.41150321063333,91.5430318095,6.458597408579999,11105.12,159.6266666666667,1.841,1,0.0007
maize,1992,494.0,5518.0,24.31,92.5,27.72,40.03,25.54801230123333,80.86514223373334,6.366591158586667,12009.14,160.25,1.3966,0,0.9921
maize,1992,494.0,5518.0,22.36,92.5,27.72,40.03,25.54801230123333,80.86514223373334,6.366591158586667,11045.84,160.25,1.3966,0,0.9921
maize,1992,494.0,5518.0,26.91,92.5,27.72,40.03,25.54801230123333,80.86514223373334,6.366591158586667,13293.54,160.25,1.3966,0,0.9921
maize,1992,494.0,5518.0,22.36,92.5,27.72,40.03,25.54801230123333,80.86514223373334,6.366591158586667,11045.84,160.25,1.3966,0,0.9921
maize,1992,494.0,5518.0,26.36,92.5,27.72,40.03,25.54801230123333,80.86514223373334,6.366591158586667,13021.84,160.25,1.3966,0,0.9921
maize,1992,494.0,5518.0,24.31,92.5,27.72,40.03,25.54801230123333,80.86514223373334,6.366591158586667,12009.14,160.25,1.3966,0,0.9921
maize,1992,494.0,5518.0,25.71,92.5,27.72,40.03,25.54801230123333,80.86514223373334,6.366591158586667,12700.74,160.25,1.3966,0,0.9921
maize,1992,494.0,5518.0,18.34,92.5,27.72,40.03,25.54801230123333,80.86514223373334,6.366591158586667,9059.96,160.25,1.3966,0,0.9921
maize,1992,494.0,5518.0,22.36,92.5,27.72,40.03,25.54801230123333,80.86514223373334,6.366591158586667,11045.84,160.25,1.3966,0,0.9921
wheat,1992,494.0,5518.0,24.31,19.75,56.50666666666667,83.37,22.41150321063333,91.5430318095,6.458597408579999,12009.14,159.6266666666667,1.991,1,0.0007
wheat,1992,494.0,5518.0,22.36,19.75,56.50666666666667,83.37,22.41150321063333,91.5430318095,6.458597408579999,11045.84,159.6266666666667,1.991,1,0.0007
wheat,1992,494.0,5518.0,26.91,19.75,56.50666666666667,83.37,22.41150321063333,91.5430318095,6.458597408579999,13293.54,159.6266666666667,1.991,1,0.0007
wheat,1992,494.0,5518.0,22.36,19.75,56.50666666666667,83.37,22.41150321063333,91.5430318095,6.458597408579999,11045.84,159.6266666666667,1.991,1,0.0007
wheat,1992,494.0,5518.0,26.36,19.75,56.50666666666667,83.37,22.41150321063333,91.5430318095,6.458597408579999,13021.84,159.6266666666667,1.991,1,0.0007
wheat,1992,494.0,5518.0,24.31,19.75,56.50666666666667,83.37,22.41150321063333,91.5430318095,6.458597408579999,12009.14,159.6266666666667,1.991,1,0.0007
wheat,1992,494.0,5518.0,25.71,19.75,56.50666666666667,83.37,22.41150321063333,91.5430318095,6.458597408579999,12700.74,159.6266666666667,1.991,1,0.0007
wheat,1992,494.0,5518.0,18.34,19.75,56.50666666666667,83.37,22.41150321063333,91.5430318095,6.458597408579999,9059.96,159.6266666666667,1.991,1,0.0007
wheat,1992,494.0,5518.0,22.36,19.75,56.50666666666667,83.37,22.41150321063333,91.5430318095,6.458597408579999,11045.84,159.6266666666667,1.991,1,0.0007
maize,1993,494.0,4945.0,25.04,92.5,27.72,40.03,25.54801230123333,80.86514223373334,6.366591158586667,12369.76,160.25,1.3983,0,0.9921
maize,1993,494.0,4945.0,23.08,92.5,27.72,40.03,25.54801230123333,80.86514223373334,6.366591158586667,11401.52,160.25,1.3983,0,0.9921
maize,1993,494.0,4945.0,27.72,92.5,27.72,40.03,25.54801230123333,80.86514223373334,6.366591158586667,13693.68,160.25,1.3983,0,0.9921
maize,1993,494.0,4945.0,23.08,92.5,27.72,40.03,25.54801230123333,80.86514223373334,6.366591158586667,11401.52,160.25,1.3983,0,0.9921
maize,1993,494.0,4945.0,27.25,92.5,27.72,40.03,25.54801230123333,80.86514223373334,6.366591158586667,13461.5,160.25,1.3983,0,0.9921
maize,1993,494.0,4945.0,25.04,92.5,27.72,40.03,25.54801230123333,80.86514223373334,6.366591158586667,12369.76,160.25,1.3983,0,0.9921
maize,1993,494.0,4945.0,26.51,92.5,27.72,40.03,25.54801230123333,80.86514223373334,6.366591158586667,13095.94,160.25,1.3983,0,0.9921
maize,1993,494.0,4945.0,18.91,92.5,27.72,40.03,25.54801230123333,80.86514223373334,6.366591158586667,9341.54,160.25,1.3983,0,0.9921
maize,1993,494.0,4945.0,23.08,92.5,27.72,40.03,25.54801230123333,80.86514223373334,6.366591158586667,11401.52,160.25,1.3983,0,0.9921
wheat,1993,494.0,4945.0,25.04,19.75,56.50666666666667,83.37,22.41150321063333,91.5430318095,6.458597408579999,12369.76,159.6266666666667,1.9466,1,0.0007
wheat,1993,494.0,4945.0,23.08,19.75,56.50666666666667,83.37,22.41150321063333,91.5430318095,6.458597408579999,11401.52,159.6266666666667,1.9466,1,0.0007
wheat,1993,494.0,4945.0,27.72,19.75,56.50666666666667,83.37,22.41150321063333,91.5430318095,6.458597408579999,13693.68,159.6266666666667,1.9466,1,0.0007
wheat,1993,494.0,4945.0,23.08,19.75,56.50666666666667,83.37,22.41150321063333,91.5430318095,6.458597408579999,11401.52,159.6266666666667,1.9466,1,0.0007
wheat,1993,494.0,4945.0,27.25,19.75,56.50666666666667,83.37,22.41150321063333,91.5430318095,6.458597408579999,13461.5,159.6266666666667,1.9466,1,0.0007
wheat,1993,494.0,4945.0,25.04,19.75,56.50666666666667,83.37,22.41150321063333,91.5430318095,6.458597408579999,12369.76,159.6266666666667,1.9466,1,0.0007
wheat,1993,494.0,4945.0,26.51,19.75,56.50666666666667,83.37,22.41150321063333,91.5430318095,6.458597408579999,13095.94,159.6266666666667,1.9466,1,0.0007
wheat,1993,494.0,4945.0,18.91,19.75,56.50666666666667,83.37,22.41150321063333,91.5430318095,6.458597408579999,9341.54,159.6266666666667,1.9466,1,0.0007
wheat,1993,494.0,4945.0,23.08,19.75,56.50666666666667,83.37,22.41150321063333,91.5430318095,6.458597408579999,11401.52,159.6266666666667,1.9466,1,0.0007
maize,1994,494.0,6183.0,24.78,92.5,27.72,40.03,25.54801230123333,80.86514223373334,6.366591158586667,12241.32,160.25,1.5004,0,0.9921
maize,1994,494.0,6183.0,22.93,92.5,27.72,40.03,25.54801230123333,80.86514223373334,6.366591158586667,11327.42,160.25,1.5004,0,0.9921
maize,1994,494.0,6183.0,26.87,92.5,27.72,40.03,25.54801230123333,80.86514223373334,6.366591158586667,13273.78,160.25,1.5004,0,0.9921
maize,1994,494.0,6183.0,22.93,92.5,27.72,40.03,25.54801230123333,80.86514223373334,6.366591158586667,11327.42,160.25,1.5004,0,0.9921
maize,1994,494.0,6183.0,26.36,92.5,27.72,40.03,25.54801230123333,80.86514223373334,6.366591158586667,13021.84,160.25,1.5004,0,0.9921
maize,1994,494.0,6183.0,24.78,92.5,27.72,40.03,25.54801230123333,80.86514223373334,6.366591158586667,12241.32,160.25,1.5004,0,0.9921
maize,1994,494.0,6183.0,26.13,92.5,27.72,40.03,25.54801230123333,80.86514223373334,6.366591158586667,12908.22,160.25,1.5004,0,0.9921
maize,1994,494.0,6183.0,18.78,92.5,27.72,40.03,25.54801230123333,80.86514223373334,6.366591158586667,9277.32,160.25,1.5004,0,0.9921
maize,1994,494.0,6183.0,22.93,92.5,27.72,40.03,25.54801230123333,80.86514223373334,6.366591158586667,11327.42,160.25,1.5004,0,0.9921
wheat,1994,494.0,6183.0,24.78,19.75,56.50666666666667,83.37,22.41150321063333,91.5430318095,6.458597408579999,12241.32,159.6266666666667,1.8935,1,0.0007
wheat,1994,494.0,6183.0,22.93,19.75,56.50666666666667,83.37,22.41150321063333,91.5430318095,6.458597408579999,11327.42,159.6266666666667,1.8935,1,0.0007
wheat,1994,494.0,6183.0,26.87,19.75,56.50666666666667,83.37,22.41150321063333,91.5430318095,6.458597408579999,13273.78,159.6266666666667,1.8935,1,0.0007
wheat,1994,494.0,6183.0,22.93,19.75,56.50666666666667,83.37,22.41150321063333,91.5430318095,6.458597408579999,11327.42,159.6266666666667,1.8935,1,0.0007
wheat,1994,494.0,6183.0,26.36,19.75,56.50666666666667,83.37,22.41150321063333,91.5430318095,6.458597408579999,13021.84,159.6266666666667,1.8935,1,0.0007
wheat,1994,494.0,6183.0,24.78,19.75,56.50666666666667,83.37,22.41150321063333,91.5430318095,6.458597408579999,12241.32,159.6266666666667,1.8935,1,0.0007
wheat,1994,494.0,6183.0,26.13,19.75,56.50666666666667,83.37,22.41150321063333,91.5430318095,6.458597408579999,12908.22,159.6266666666667,1.8935,1,0.0007
wheat,1994,494.0,6183.0,18.78,19.75,56.50666666666667,83.37,22.41150321063333,91.5430318095,6.458597408579999,9277.32,159.6266666666667,1.8935,1,0.0007
wheat,1994,494.0,6183.0,22.93,19.75,56.50666666666667,83.37,22.41150321063333,91.5430318095,6.458597408579999,11327.42,159.6266666666667,1.8935,1,0.0007
maize,1995,494.0,7681.0,24.58,92.5,27.72,40.03,25.54801230123333,80.86514223373334,6.366591158586667,12142.52,160.25,1.6908,0,0.9921
maize,1995,494.0,7681.0,22.61,92.5,27.72,40.03,25.54801230123333,80.86514223373334,6.366591158586667,11169.34,160.25,1.6908,0,0.9921
maize,1995,494.0,7681.0,27.11,92.5,27.72,40.03,25.54801230123333,80.86514223373334,6.366591158586667,13392.34,160.25,1.6908,0,0.9921
maize,1995,494.0,7681.0,22.61,92.5,27.72,40.03,25.54801230123333,80.86514223373334,6.366591158586667,11169.34,160.25,1.6908,0,0.9921
maize,1995,494.0,7681.0,26.63,92.5,27.72,40.03,25.54801230123333,80.86514223373334,6.366591158586667,13155.22,160.25,1.6908,0,0.9921
maize,1995,494.0,7681.0,24.58,92.5,27.72,40.03,25.54801230123333,80.86514223373334,6.366591158586667,12142.52,160.25,1.6908,0,0.9921
maize,1995,494.0,7681.0,26.09,92.5,27.72,40.03,25.54801230123333,80.86514223373334,6.366591158586667,12888.46,160.25,1.6908,0,0.9921
maize,1995,494.0,7681.0,18.68,92.5,27.72,40.03,25.54801230123333,80.86514223373334,6.366591158586667,9227.92,160.25,1.6908,0,0.9921
maize,1995,494.0,7681.0,22.61,92.5,27.72,40.03,25.54801230123333,80.86514223373334,6.366591158586667,11169.34,160.25,1.6908,0,0.9921
wheat,1995,494.0,7681.0,24.58,19.75,56.50666666666667,83.37,22.41150321063333,91.5430318095,6.458597408579999,12142.52,159.6266666666667,2.0811,1,0.0007
wheat,1995,494.0,7681.0,22.61,19.75,56.50666666666667,83.37,22.41150321063333,91.5430318095,6.458597408579999,11169.34,159.6266666666667,2.0811,1,0.0007
wheat,1995,494.0,7681.0,27.11,19.75,56.50666666666667,83.37,22.41150321063333,91.5430318095,6.458597408579999,13392.34,159.6266666666667,2.0811,1,0.0007
wheat,1995,494.0,7681.0,22.61,19.75,56.50666666666667,83.37,22.41150321063333,91.5430318095,6.458597408579999,11169.34,159.6266666666667,2.0811,1,0.0007
wheat,1995,494.0,7681.0,26.63,19.75,56.50666666666667,83.37,22.41150321063333,91.5430318095,6.458597408579999,13155.22,159.6266666666667,2.0811,1,0.0007
wheat,1995,494.0,7681.0,24.58,19.75,56.50666666666667,83.37,22.41150321063333,91.5430318095,6.458597408579999,12142.52,159.6266666666667,2.0811,1,0.0007
wheat,1995,494.0,7681.0,26.09,19.75,56.50666666666667,83.37,22.41150321063333,91.5430318095,6.458597408579999,12888.46,159.6266666666667,2.0811,1,0.0007
wheat,1995,494.0,7681.0,18.68,19.75,56.50666666666667,83.37,22.41150321063333,91.5430318095,6.458597408579999,9227.92,159.6266666666667,2.0811,1,0.0007
wheat,1995,494.0,7681.0,22.61,19.75,56.50666666666667,83.37,22.41150321063333,91.5430318095,6.458597408579999,11169.34,159.6266666666667,2.0811,1,0.0007
maize,1996,494.0,11955.0,24.43,92.5,27.72,40.03,25.54801230123333,80.86514223373334,6.366591158586667,12068.42,160.25,1.5884,0,0.9921
maize,1996,494.0,11955.0,22.61,92.5,27.72,40.03,25.54801230123333,80.86514223373334,6.366591158586667,11169.34,160.25,1.5884,0,0.9921
maize,1996,494.0,11955.0,27.17,92.5,27.72,40.03,25.54801230123333,80.86514223373334,6.366591158586667,13421.98,160.25,1.5884,0,0.9921
maize,1996,494.0,11955.0,22.61,92.5,27.72,40.03,25.54801230123333,80.86514223373334,6.366591158586667,11169.34,160.25,1.5884,0,0.9921
maize,1996,494.0,11955.0,26.5,92.5,27.72,40.03,25.54801230123333,80.86514223373334,6.366591158586667,13091.0,160.25,1.5884,0,0.9921
maize,1996,494.0,11955.0,24.43,92.5,27.72,40.03,25.54801230123333,80.86514223373334,6.366591158586667,12068.42,160.25,1.5884,0,0.9921
maize,1996,494.0,11955.0,25.92,92.5,27.72,40.03,25.54801230123333,80.86514223373334,6.366591158586667,12804.48,160.25,1.5884,0,0.9921
maize,1996,494.0,11955.0,18.72,92.5,27.72,40.03,25.54801230123333,80.86514223373334,6.366591158586667,9247.68,160.25,1.5884,0,0.9921
maize,1996,494.0,11955.0,22.61,92.5,27.72,40.03,25.54801230123333,80.86514223373334,6.366591158586667,11169.34,160.25,1.5884,0,0.9921
wheat,1996,494.0,11955.0,24.43,19.75,56.50666666666667,83.37,22.41150321063333,91.5430318095,6.458597408579999,12068.42,159.6266666666667,2.0184,1,0.0007
wheat,1996,494.0,11955.0,22.61,19.75,56.50666666666667,83.37,22.41150321063333,91.5430318095,6.458597408579999,11169.34,159.6266666666667,2.0184,1,0.0007
wheat,1996,494.0,11955.0,27.17,19.75,56.50666666666667,83.37,22.41150321063333,91.5430318095,6.458597408579999,13421.98,159.6266666666667,2.0184,1,0.0007
wheat,1996,494.0,11955.0,22.61,19.75,56.50666666666667,83.37,22.41150321063333,91.5430318095,6.458597408579999,11169.34,159.6266666666667,2.0184,1,0.0007
wheat,1996,494.0,11955.0,26.5,19.75,56.50666666666667,83.37,22.41150321063333,91.5430318095,6.458597408579999,13091.0,159.6266666666667,2.0184,1,0.0007
wheat,1996,494.0,11955.0,24.43,19.75,56.50666666666667,83.37,22.41150321063333,91.5430318095,6.458597408579999,12068.42,159.6266666666667,2.0184,1,0.0007
wheat,1996,494.0,11955.0,25.92,19.75,56.50666666666667,83.37,22.41150321063333,91.5430318095,6.458597408579999,12804.48,159.6266666666667,2.0184,1,0.0007
wheat,1996,494.0,11955.0,18.72,19.75,56.50666666666667,83.37,22.41150321063333,91.5430318095,6.458597408579999,9247.68,159.6266666666667,2.0184,1,0.0007
wheat,1996,494.0,11955.0,22.61,19.75,56.50666666666667,83.37,22.41150321063333,91.5430318095,6.458597408579999,11169.34,159.6266666666667,2.0184,1,0.0007
maize,1997,494.0,16936.0,23.76,92.5,27.72,40.03,25.54801230123333,80.86514223373334,6.366591158586667,11737.44,160.25,1.6352,0,0.9921
maize,1997,494.0,16936.0,22.14,92.5,27.72,40.03,25.54801230123333,80.86514223373334,6.366591158586667,10937.16,160.25,1.6352,0,0.9921
maize,1997,494.0,16936.0,26.82,92.5,27.72,40.03,25.54801230123333,80.86514223373334,6.366591158586667,13249.08,160.25,1.6352,0,0.9921
maize,1997,494.0,16936.0,22.14,92.5,27.72,40.03,25.54801230123333,80.86514223373334,6.366591158586667,10937.16,160.25,1.6352,0,0.9921
maize,1997,494.0,16936.0,26.29,92.5,27.72,40.03,25.54801230123333,80.86514223373334,6.366591158586667,12987.26,160.25,1.6352,0,0.9921
maize,1997,494.0,16936.0,23.76,92.5,27.72,40.03,25.54801230123333,80.86514223373334,6.366591158586667,11737.44,160.25,1.6352,0,0.9921
maize,1997,494.0,16936.0,25.16,92.5,27.72,40.03,25.54801230123333,80.86514223373334,6.366591158586667,12429.04,160.25,1.6352,0,0.9921
maize,1997,494.0,16936.0,18.62,92.5,27.72,40.03,25.54801230123333,80.86514223373334,6.366591158586667,9198.28,160.25,1.6352,0,0.9921
maize,1997,494.0,16936.0,22.14,92.5,27.72,40.03,25.54801230123333,80.86514223373334,6.366591158586667,10937.16,160.25,1.6352,0,0.9921
wheat,1997,494.0,16936.0,23.76,19.75,56.50666666666667,83.37,22.41150321063333,91.5430318095,6.458597408579999,11737.44,159.6266666666667,2.0533,1,0.0007
wheat,1997,494.0,16936.0,22.14,19.75,56.50666666666667,83.37,22.41150321063333,91.5430318095,6.458597408579999,10937.16,159.6266666666667,2.0533,1,0.0007
wheat,1997,494.0,16936.0,26.82,19.75,56.50666666666667,83.37,22.41150321063333,91.5430318095,6.458597408579999,13249.08,159.6266666666667,2.0533,1,0.0007
wheat,1997,494.0,16936.0,22.14,19.75,56.50666666666667,83.37,22.41150321063333,91.5430318095,6.458597408579999,10937.16,159.6266666666667,2.0533,1,0.0007
wheat,1997,494.0,16936.0,26.29,19.75,56.50666666666667,83.37,22.41150321063333,91.5430318095,6.458597408579999,12987.26,159.6266666666667,2.0533,1,0.0007
wheat,1997,494.0,16936.0,23.76,19.75,56.50666666666667,83.37,22.41150321063333,91.5430318095,6.458597408579999,11737.44,159.6266666666667,2.0533,1,0.0007
wheat,1997,494.0,16936.0,25.16,19.75,56.50666666666667,83.37,22.41150321063333,91.5430318095,6.458597408579999,12429.04,159.6266666666667,2.0533,1,0.0007
wheat,1997,494.0,16936.0,18.62,19.75,56.50666666666667,83.37,22.41150321063333,91.5430318095,6.458597408579999,9198.28,159.6266666666667,2.0533,1,0.0007
wheat,1997,494.0,16936.0,22.14,19.75,56.50666666666667,83.37,22.41150321063333,91.5430318095,6.458597408579999,10937.16,159.6266666666667,2.0533,1,0.0007
maize,1998,494.0,18406.0,24.91,92.5,27.72,40.03,25.54801230123333,80.86514223373334,6.366591158586667,12305.54,160.25,1.7853,0,0.9921
maize,1998,494.0,18406.0,23.11,92.5,27.72,40.03,25.54801230123333,80.86514223373334,6.366591158586667,11416.34,160.25,1.7853,0,0.9921
maize,1998,494.0,18406.0,27.89,92.5,27.72,40.03,25.54801230123333,80.86514223373334,6.366591158586667,13777.66,160.25,1.7853,0,0.9921
maize,1998,494.0,18406.0,23.11,92.5,27.72,40.03,25.54801230123333,80.86514223373334,6.366591158586667,11416.34,160.25,1.7853,0,0.9921
maize,1998,494.0,18406.0,27.36,92.5,27.72,40.03,25.54801230123333,80.86514223373334,6.366591158586667,13515.84,160.25,1.7853,0,0.9921
maize,1998,494.0,18406.0,24.91,92.5,27.72,40.03,25.54801230123333,80.86514223373334,6.366591158586667,12305.54,160.25,1.7853,0,0.9921
maize,1998,494.0,18406.0,26.41,92.5,27.72,40.03,25.54801230123333,80.86514223373334,6.366591158586667,13046.54,160.25,1.7853,0,0.9921
maize,1998,494.0,18406.0,19.15,92.5,27.72,40.03,25.54801230123333,80.86514223373334,6.366591158586667,9460.1,160.25,1.7853,0,0.9921
maize,1998,494.0,18406.0,23.11,92.5,27.72,40.03,25.54801230123333,80.86514223373334,6.366591158586667,11416.34,160.25,1.7853,0,0.9921
wheat,1998,494.0,18406.0,24.91,19.75,56.50666666666667,83.37,22.41150321063333,91.5430318095,6.458597408579999,12305.54,159.6266666666667,2.2376,1,0.0007
wheat,1998,494.0,18406.0,23.11,19.75,56.50666666666667,83.37,22.41150321063333,91.5430318095,6.458597408579999,11416.34,159.6266666666667,2.2376,1,0.0007
wheat,1998,494.0,18406.0,27.89,19.75,56.50666666666667,83.37,22.41150321063333,91.5430318095,6.458597408579999,13777.66,159.6266666666667,2.2376,1,0.0007
wheat,1998,494.0,18406.0,23.11,19.75,56.50666666666667,83.37,22.41150321063333,91.5430318095,6.458597408579999,11416.34,159.6266666666667,2.2376,1,0.0007
wheat,1998,494.0,18406.0,27.36,19.75,56.50666666666667,83.37,22.41150321063333,91.5430318095,6.458597408579999,13515.84,159.6266666666667,2.2376,1,0.0007
wheat,1998,494.0,18406.0,24.91,19.75,56.50666666666667,83.37,22.41150321063333,91.5430318095,6.458597408579999,12305.54,159.6266666666667,2.2376,1,0.0007
wheat,1998,494.0,18406.0,26.41,19.75,56.50666666666667,83.37,22.41150321063333,91.5430318095,6.458597408579999,13046.54,159.6266666666667,2.2376,1,0.0007
wheat,1998,494.0,18406.0,19.15,19.75,56.50666666666667,83.37,22.41150321063333,91.5430318095,6.458597408579999,9460.1,159.6266666666667,2.2376,1,0.0007
wheat,1998,494.0,18406.0,23.11,19.75,56.50666666666667,83.37,22.41150321063333,91.5430318095,6.458597408579999,11416.34,159.6266666666667,2.2376,1,0.0007
maize,1999,494.0,20450.0,25.5,92.5,27.72,40.03,25.54801230123333,80.86514223373334,6.366591158586667,12597.0,160.25,1.7169,0,0.9921
maize,1999,494.0,20450.0,23.8,92.5,27.72,40.03,25.54801230123333,80.86514223373334,6.366591158586667,11757.2,160.25,1.7169,0,0.9921
maize,1999,494.0,20450.0,27.54,92.5,27.72,40.03,25.54801230123333,80.86514223373334,6.366591158586667,13604.76,160.25,1.7169,0,0.9921
maize,1999,494.0,20450.0,23.8,92.5,27.72,40.03,25.54801230123333,80.86514223373334,6.366591158586667,11757.2,160.25,1.7169,0,0.9921
maize,1999,494.0,20450.0,27.14,92.5,27.72,40.03,25.54801230123333,80.86514223373334,6.366591158586667,13407.16,160.25,1.7169,0,0.9921
maize,1999,494.0,20450.0,25.5,92.5,27.72,40.03,25.54801230123333,80.86514223373334,6.366591158586667,12597.0,160.25,1.7169,0,0.9921
maize,1999,494.0,20450.0,26.8,92.5,27.72,40.03,25.54801230123333,80.86514223373334,6.366591158586667,13239.2,160.25,1.7169,0,0.9921
maize,1999,494.0,20450.0,19.84,92.5,27.72,40.03,25.54801230123333,80.86514223373334,6.366591158586667,9800.96,160.25,1.7169,0,0.9921
maize,1999,494.0,20450.0,23.8,92.5,27.72,40.03,25.54801230123333,80.86514223373334,6.366591158586667,11757.2,160.25,1.7169,0,0.9921
wheat,1999,494.0,20450.0,25.5,19.75,56.50666666666667,83.37,22.41150321063333,91.5430318095,6.458597408579999,12597.0,159.6266666666667,2.1698,1,0.0007
wheat,1999,494.0,20450.0,23.8,19.75,56.50666666666667,83.37,22.41150321063333,91.5430318095,6.458597408579999,11757.2,159.6266666666667,2.1698,1,0.0007
wheat,1999,494.0,20450.0,27.54,19.75,56.50666666666667,83.37,22.41150321063333,91.5430318095,6.458597408579999,13604.76,159.6266666666667,2.1698,1,0.0007
wheat,1999,494.0,20450.0,23.8,19.75,56.50666666666667,83.37,22.41150321063333,91.5430318095,6.458597408579999,11757.2,159.6266666666667,2.1698,1,0.0007
wheat,1999,494.0,20450.0,27.14,19.75,56.50666666666667,83.37,22.41150321063333,91.5430318095,6.458597408579999,13407.16,159.6266666666667,2.1698,1,0.0007
wheat,1999,494.0,20450.0,25.5,19.75,56.50666666666667,83.37,22.41150321063333,91.5430318095,6.458597408579999,12597.0,159.6266666666667,2.1698,1,0.0007
wheat,1999,494.0,20450.0,26.8,19.75,56.50666666666667,83.37,22.41150321063333,91.5430318095,6.458597408579999,13239.2,159.6266666666667,2.1698,1,0.0007
wheat,1999,494.0,20450.0,19.84,19.75,56.50666666666667,83.37,22.41150321063333,91.5430318095,6.458597408579999,9800.96,159.6266666666667,2.1698,1,0.0007
wheat,1999,494.0,20450.0,23.8,19.75,56.50666666666667,83.37,22.41150321063333,91.5430318095,6.458597408579999,11757.2,159.6266666666667,2.1698,1,0.0007
maize,2000,494.0,27885.0,25.32,92.5,27.72,40.03,25.54801230123333,80.86514223373334,6.366591158586667,12508.08,160.25,1.7086,0,0.9921
maize,2000,494.0,27885.0,23.6,92.5,27.72,40.03,25.54801230123333,80.86514223373334,6.366591158586667,11658.4,160.25,1.7086,0,0.9921
maize,2000,494.0,27885.0,27.73,92.5,27.72,40.03,25.54801230123333,80.86514223373334,6.366591158586667,13698.62,160.25,1.7086,0,0.9921
maize,2000,494.0,27885.0,23.6,92.5,27.72,40.03,25.54801230123333,80.86514223373334,6.366591158586667,11658.4,160.25,1.7086,0,0.9921
maize,2000,494.0,27885.0,27.12,92.5,27.72,40.03,25.54801230123333,80.86514223373334,6.366591158586667,13397.28,160.25,1.7086,0,0.9921
maize,2000,494.0,27885.0,25.32,92.5,27.72,40.03,25.54801230123333,80.86514223373334,6.366591158586667,12508.08,160.25,1.7086,0,0.9921
maize,2000,494.0,27885.0,26.71,92.5,27.72,40.03,25.54801230123333,80.86514223373334,6.366591158586667,13194.74,160.25,1.7086,0,0.9921
maize,2000,494.0,27885.0,19.68,92.5,27.72,40.03,25.54801230123333,80.86514223373334,6.366591158586667,9721.92,160.25,1.7086,0,0.9921
maize,2000,494.0,27885.0,23.6,92.5,27.72,40.03,25.54801230123333,80.86514223373334,6.366591158586667,11658.4,160.25,1.7086,0,0.9921
wheat,2000,494.0,27885.0,25.32,19.75,56.50666666666667,83.37,22.41150321063333,91.5430318095,6.458597408579999,12508.08,159.6266666666667,2.4907,1,0.0007
wheat,2000,494.0,27885.0,23.6,19.75,56.50666666666667,83.37,22.41150321063333,91.5430318095,6.458597408579999,11658.4,159.6266666666667,2.4907,1,0.0007
wheat,2000,494.0,27885.0,27.73,19.75,56.50666666666667,83.37,22.41150321063333,91.5430318095,6.458597408579999,13698.62,159.6266666666667,2.4907,1,0.0007
wheat,2000,494.0,27885.0,23.6,19.75,56.50666666666667,83.37,22.41150321063333,91.5430318095,6.458597408579999,11658.4,159.6266666666667,2.4907,1,0.0007
wheat,2000,494.0,27885.0,27.12,19.75,56.50666666666667,83.37,22.41150321063333,91.5430318095,6.458597408579999,13397.28,159.6266666666667,2.4907,1,0.0007
wheat,2000,494.0,27885.0,25.32,19.75,56.50666666666667,83.37,22.41150321063333,91.5430318095,6.458597408579999,12508.08,159.6266666666667,2.4907,1,0.0007
wheat,2000,494.0,27885.0,26.71,19.75,56.50666666666667,83.37,22.41150321063333,91.5430318095,6.458597408579999,13194.74,159.6266666666667,2.4907,1,0.0007
wheat,2000,494.0,27885.0,19.68,19.75,56.50666666666667,83.37,22.41150321063333,91.5430318095,6.458597408579999,9721.92,159.6266666666667,2.4907,1,0.0007
wheat,2000,494.0,27885.0,23.6,19.75,56.50666666666667,83.37,22.41150321063333,91.5430318095,6.458597408579999,11658.4,159.6266666666667,2.4907,1,0.0007
maize,2001,494.0,11871.0,25.18,92.5,27.72,40.03,25.54801230123333,80.86514223373334,6.366591158586667,12438.92,160.25,1.7631,0,0.9921
maize,2001,494.0,11871.0,23.62,92.5,27.72,40.03,25.54801230123333,80.86514223373334,6.366591158586667,11668.28,160.25,1.7631,0,0.9921
maize,2001,494.0,11871.0,27.7,92.5,27.72,40.03,25.54801230123333,80.86514223373334,6.366591158586667,13683.8,160.25,1.7631,0,0.9921
maize,2001,494.0,11871.0,23.62,92.5,27.72,40.03,25.54801230123333,80.86514223373334,6.366591158586667,11668.28,160.25,1.7631,0,0.9921
maize,2001,494.0,11871.0,27.28,92.5,27.72,40.03,25.54801230123333,80.86514223373334,6.366591158586667,13476.32,160.25,1.7631,0,0.9921
maize,2001,494.0,11871.0,25.18,92.5,27.72,40.03,25.54801230123333,80.86514223373334,6.366591158586667,12438.92,160.25,1.7631,0,0.9921
maize,2001,494.0,11871.0,26.5,92.5,27.72,40.03,25.54801230123333,80.86514223373334,6.366591158586667,13091.0,160.25,1.7631,0,0.9921
maize,2001,494.0,11871.0,19.79,92.5,27.72,40.03,25.54801230123333,80.86514223373334,6.366591158586667,9776.26,160.25,1.7631,0,0.9921
maize,2001,494.0,11871.0,23.62,92.5,27.72,40.03,25.54801230123333,80.86514223373334,6.366591158586667,11668.28,160.25,1.7631,0,0.9921
wheat,2001,494.0,11871.0,25.18,19.75,56.50666666666667,83.37,22.41150321063333,91.5430318095,6.458597408579999,12438.92,159.6266666666667,2.3254,1,0.0007
wheat,2001,494.0,11871.0,23.62,19.75,56.50666666666667,83.37,22.41150321063333,91.5430318095,6.458597408579999,11668.28,159.6266666666667,2.3254,1,0.0007
wheat,2001,494.0,11871.0,27.7,19.75,56.50666666666667,83.37,22.41150321063333,91.5430318095,6.458597408579999,13683.8,159.6266666666667,2.3254,1,0.0007
wheat,2001,494.0,11871.0,23.62,19.75,56.50666666666667,83.37,22.41150321063333,91.5430318095,6.458597408579999,11668.28,159.6266666666667,2.3254,1,0.0007
wheat,2001,494.0,11871.0,27.28,19.75,56.50666666666667,83.37,22.41150321063333,91.5430318095,6.458597408579999,13476.32,159.6266666666667,2.3254,1,0.0007
wheat,2001,494.0,11871.0,25.18,19.75,56.50666666666667,83.37,22.41150321063333,91.5430318095,6.458597408579999,12438.92,159.6266666666667,2.3254,1,0.0007
wheat,2001,494.0,11871.0,26.5,19.75,56.50666666666667,83.37,22.41150321063333,91.5430318095,6.458597408579999,13091.0,159.6266666666667,2.3254,1,0.0007
wheat,2001,494.0,11871.0,19.79,19.75,56.50666666666667,83.37,22.41150321063333,91.5430318095,6.458597408579999,9776.26,159.6266666666667,2.3254,1,0.0007
wheat,2001,494.0,11871.0,23.62,19.75,56.50666666666667,83.37,22.41150321063333,91.5430318095,6.458597408579999,11668.28,159.6266666666667,2.3254,1,0.0007
maize,2002,494.0,10881.83,25.61,92.5,27.72,40.03,25.54801230123333,80.86514223373334,6.366591158586667,12651.34,160.25,1.8448,0,0.9921
maize,2002,494.0,10881.83,23.83,92.5,27.72,40.03,25.54801230123333,80.86514223373334,6.366591158586667,11772.02,160.25,1.8448,0,0.9921
maize,2002,494.0,10881.83,27.88,92.5,27.72,40.03,25.54801230123333,80.86514223373334,6.366591158586667,13772.72,160.25,1.8448,0,0.9921
maize,2002,494.0,10881.83,23.83,92.5,27.72,40.03,25.54801230123333,80.86514223373334,6.366591158586667,11772.02,160.25,1.8448,0,0.9921
maize,2002,494.0,10881.83,27.2,92.5,27.72,40.03,25.54801230123333,80.86514223373334,6.366591158586667,13436.8,160.25,1.8448,0,0.9921
maize,2002,494.0,10881.83,25.61,92.5,27.72,40.03,25.54801230123333,80.86514223373334,6.366591158586667,12651.34,160.25,1.8448,0,0.9921
maize,2002,494.0,10881.83,27.0,92.5,27.72,40.03,25.54801230123333,80.86514223373334,6.366591158586667,13338.0,160.25,1.8448,0,0.9921
maize,2002,494.0,10881.83,19.7,92.5,27.72,40.03,25.54801230123333,80.86514223373334,6.366591158586667,9731.8,160.25,1.8448,0,0.9921
maize,2002,494.0,10881.83,23.83,92.5,27.72,40.03,25.54801230123333,80.86514223373334,6.366591158586667,11772.02,160.25,1.8448,0,0.9921
wheat,2002,494.0,10881.83,25.61,19.75,56.50666666666667,83.37,22.41150321063333,91.5430318095,6.458597408579999,12651.34,159.6266666666667,2.2621,1,0.0007
wheat,2002,494.0,10881.83,23.83,19.75,56.50666666666667,83.37,22.41150321063333,91.5430318095,6.458597408579999,11772.02,159.6266666666667,2.2621,1,0.0007
wheat,2002,494.0,10881.83,27.88,19.75,56.50666666666667,83.37,22.41150321063333,91.5430318095,6.458597408579999,13772.72,159.6266666666667,2.2621,1,0.0007
wheat,2002,494.0,10881.83,23.83,19.75,56.50666666666667,83.37,22.41150321063333,91.5430318095,6.458597408579999,11772.02,159.6266666666667,2.2621,1,0.0007
wheat,2002,494.0,10881.83,27.2,19.75,56.50666666666667,83.37,22.41150321063333,91.5430318095,6.458597408579999,13436.8,159.6266666666667,2.2621,1,0.0007
wheat,2002,494.0,10881.83,25.61,19.75,56.50666666666667,83.37,22.41150321063333,91.5430318095,6.458597408579999,12651.34,159.6266666666667,2.2621,1,0.0007
wheat,2002,494.0,10881.83,27.0,19.75,56.50666666666667,83.37,22.41150321063333,91.5430318095,6.458597408579999,13338.0,159.6266666666667,2.2621,1,0.0007
wheat,2002,494.0,10881.83,19.7,19.75,56.50666666666667,83.37,22.41150321063333,91.5430318095,6.458597408579999,9731.8,159.6266666666667,2.2621,1,0.0007
wheat,2002,494.0,10881.83,23.83,19.75,56.50666666666667,83.37,22.41150321063333,91.5430318095,6.458597408579999,11772.02,159.6266666666667,2.2621,1,0.0007
maize,2004,494.0,8903.48,25.55,92.5,27.72,40.03,25.54801230123333,80.86514223373334,6.366591158586667,12621.7,160.25,2.8488,0,0.9921
maize,2004,494.0,8903.48,23.78,92.5,27.72,40.03,25.54801230123333,80.86514223373334,6.366591158586667,11747.32,160.25,2.8488,0,0.9921
maize,2004,494.0,8903.48,27.94,92.5,27.72,40.03,25.54801230123333,80.86514223373334,6.366591158586667,13802.36,160.25,2.8488,0,0.9921
maize,2004,494.0,8903.48,23.78,92.5,27.72,40.03,25.54801230123333,80.86514223373334,6.366591158586667,11747.32,160.25,2.8488,0,0.9921
maize,2004,494.0,8903.48,27.5,92.5,27.72,40.03,25.54801230123333,80.86514223373334,6.366591158586667,13585.0,160.25,2.8488,0,0.9921
maize,2004,494.0,8903.48,25.55,92.5,27.72,40.03,25.54801230123333,80.86514223373334,6.366591158586667,12621.7,160.25,2.8488,0,0.9921
maize,2004,494.0,8903.48,26.96,92.5,27.72,40.03,25.54801230123333,80.86514223373334,6.366591158586667,13318.24,160.25,2.8488,0,0.9921
maize,2004,494.0,8903.48,19.93,92.5,27.72,40.03,25.54801230123333,80.86514223373334,6.366591158586667,9845.42,160.25,2.8488,0,0.9921
maize,2004,494.0,8903.48,23.78,92.5,27.72,40.03,25.54801230123333,80.86514223373334,6.366591158586667,11747.32,160.25,2.8488,0,0.9921
wheat,2004,494.0,8903.48,25.55,19.75,56.50666666666667,83.37,22.41150321063333,91.5430318095,6.458597408579999,12621.7,159.6266666666667,2.3733,1,0.0007
wheat,2004,494.0,8903.48,23.78,19.75,56.50666666666667,83.37,22.41150321063333,91.5430318095,6.458597408579999,11747.32,159.6266666666667,2.3733,1,0.0007
wheat,2004,494.0,8903.48,27.94,19.75,56.50666666666667,83.37,22.41150321063333,91.5430318095,6.458597408579999,13802.36,159.6266666666667,2.3733,1,0.0007
wheat,2004,494.0,8903.48,23.78,19.75,56.50666666666667,83.37,22.41150321063333,91.5430318095,6.458597408579999,11747.32,159.6266666666667,2.3733,1,0.0007
wheat,2004,494.0,8903.48,27.5,19.75,56.50666666666667,83.37,22.41150321063333,91.5430318095,6.458597408579999,13585.0,159.6266666666667,2.3733,1,0.0007
wheat,2004,494.0,8903.48,25.55,19.75,56.50666666666667,83.37,22.41150321063333,91.5430318095,6.458597408579999,12621.7,159.6266666666667,2.3733,1,0.0007
wheat,2004,494.0,8903.48,26.96,19.75,56.50666666666667,83.37,22.41150321063333,91.5430318095,6.458597408579999,13318.24,159.6266666666667,2.3733,1,0.0007
wheat,2004,494.0,8903.48,19.93,19.75,56.50666666666667,83.37,22.41150321063333,91.5430318095,6.458597408579999,9845.42,159.6266666666667,2.3733,1,0.0007
wheat,2004,494.0,8903.48,23.78,19.75,56.50666666666667,83.37,22.41150321063333,91.5430318095,6.458597408579999,11747.32,159.6266666666667,2.3733,1,0.0007
maize,2005,494.0,7914.31,24.66,92.5,27.72,40.03,25.54801230123333,80.86514223373334,6.366591158586667,12182.04,160.25,2.9843,0,0.9921
maize,2005,494.0,7914.31,22.8,92.5,27.72,40.03,25.54801230123333,80.86514223373334,6.366591158586667,11263.2,160.25,2.9843,0,0.9921
maize,2005,494.0,7914.31,27.21,92.5,27.72,40.03,25.54801230123333,80.86514223373334,6.366591158586667,13441.74,160.25,2.9843,0,0.9921
maize,2005,494.0,7914.31,22.8,92.5,27.72,40.03,25.54801230123333,80.86514223373334,6.366591158586667,11263.2,160.25,2.9843,0,0.9921
maize,2005,494.0,7914.31,26.8,92.5,27.72,40.03,25.54801230123333,80.86514223373334,6.366591158586667,13239.2,160.25,2.9843,0,0.9921
maize,2005,494.0,7914.31,24.66,92.5,27.72,40.03,25.54801230123333,80.86514223373334,6.366591158586667,12182.04,160.25,2.9843,0,0.9921
maize,2005,494.0,7914.31,26.04,92.5,27.72,40.03,25.54801230123333,80.86514223373334,6.366591158586667,12863.76,160.25,2.9843,0,0.9921
maize,2005,494.0,7914.31,18.75,92.5,27.72,40.03,25.54801230123333,80.86514223373334,6.366591158586667,9262.5,160.25,2.9843,0,0.9921
maize,2005,494.0,7914.31,22.8,92.5,27.72,40.03,25.54801230123333,80.86514223373334,6.366591158586667,11263.2,160.25,2.9843,0,0.9921
wheat,2005,494.0,7914.31,24.66,19.75,56.50666666666667,83.37,22.41150321063333,91.5430318095,6.458597408579999,12182.04,159.6266666666667,2.5858,1,0.0007
wheat,2005,494.0,7914.31,22.8,19.75,56.50666666666667,83.37,22.41150321063333,91.5430318095,6.458597408579999,11263.2,159.6266666666667,2.5858,1,0.0007
wheat,2005,494.0,7914.31,27.21,19.75,56.50666666666667,83.37,22.41150321063333,91.5430318095,6.458597408579999,13441.74,159.6266666666667,2.5858,1,0.0007
wheat,2005,494.0,7914.31,22.8,19.75,56.50666666666667,83.37,22.41150321063333,91.5430318095,6.458597408579999,11263.2,159.6266666666667,2.5858,1,0.0007
wheat,2005,494.0,7914.31,26.8,19.75,56.50666666666667,83.37,22.41150321063333,91.5430318095,6.458597408579999,13239.2,159.6266666666667,2.5858,1,0.0007
wheat,2005,494.0,7914.31,24.66,19.75,56.50666666666667,83.37,22.41150321063333,91.5430318095,6.458597408579999,12182.04,159.6266666666667,2.5858,1,0.0007
wheat,2005,494.0,7914.31,26.04,19.75,56.50666666666667,83.37,22.41150321063333,91.5430318095,6.458597408579999,12863.76,159.6266666666667,2.5858,1,0.0007
wheat,2005,494.0,7914.31,18.75,19.75,56.50666666666667,83.37,22.41150321063333,91.5430318095,6.458597408579999,9262.5,159.6266666666667,2.5858,1,0.0007
wheat,2005,494.0,7914.31,22.8,19.75,56.50666666666667,83.37,22.41150321063333,91.5430318095,6.458597408579999,11263.2,159.6266666666667,2.5858,1,0.0007
maize,2006,494.0,6925.13,25.17,92.5,27.72,40.03,25.54801230123333,80.86514223373334,6.366591158586667,12433.98,160.25,3.0368,0,0.9921
maize,2006,494.0,6925.13,23.28,92.5,27.72,40.03,25.54801230123333,80.86514223373334,6.366591158586667,11500.32,160.25,3.0368,0,0.9921
maize,2006,494.0,6925.13,27.29,92.5,27.72,40.03,25.54801230123333,80.86514223373334,6.366591158586667,13481.26,160.25,3.0368,0,0.9921
maize,2006,494.0,6925.13,23.28,92.5,27.72,40.03,25.54801230123333,80.86514223373334,6.366591158586667,11500.32,160.25,3.0368,0,0.9921
maize,2006,494.0,6925.13,26.73,92.5,27.72,40.03,25.54801230123333,80.86514223373334,6.366591158586667,13204.62,160.25,3.0368,0,0.9921
maize,2006,494.0,6925.13,25.17,92.5,27.72,40.03,25.54801230123333,80.86514223373334,6.366591158586667,12433.98,160.25,3.0368,0,0.9921
maize,2006,494.0,6925.13,26.46,92.5,27.72,40.03,25.54801230123333,80.86514223373334,6.366591158586667,13071.24,160.25,3.0368,0,0.9921
maize,2006,494.0,6925.13,19.53,92.5,27.72,40.03,25.54801230123333,80.86514223373334,6.366591158586667,9647.82,160.25,3.0368,0,0.9921
maize,2006,494.0,6925.13,23.28,92.5,27.72,40.03,25.54801230123333,80.86514223373334,6.366591158586667,11500.32,160.25,3.0368,0,0.9921
wheat,2006,494.0,6925.13,25.17,19.75,56.50666666666667,83.37,22.41150321063333,91.5430318095,6.458597408579999,12433.98,159.6266666666667,2.5186,1,0.0007
wheat,2006,494.0,6925.13,23.28,19.75,56.50666666666667,83.37,22.41150321063333,91.5430318095,6.458597408579999,11500.32,159.6266666666667,2.5186,1,0.0007
wheat,2006,494.0,6925.13,27.29,19.75,56.50666666666667,83.37,22.41150321063333,91.5430318095,6.458597408579999,13481.26,159.6266666666667,2.5186,1,0.0007
wheat,2006,494.0,6925.13,23.28,19.75,56.50666666666667,83.37,22.41150321063333,91.5430318095,6.458597408579999,11500.32,159.6266666666667,2.5186,1,0.0007
wheat,2006,494.0,6925.13,26.73,19.75,56.50666666666667,83.37,22.41150321063333,91.5430318095,6.458597408579999,13204.62,159.6266666666667,2.5186,1,0.0007
wheat,2006,494.0,6925.13,25.17,19.75,56.50666666666667,83.37,22.41150321063333,91.5430318095,6.458597408579999,12433.98,159.6266666666667,2.5186,1,0.0007
wheat,2006,494.0,6925.13,26.46,19.75,56.50666666666667,83.37,22.41150321063333,91.5430318095,6.458597408579999,13071.24,159.6266666666667,2.5186,1,0.0007
wheat,2006,494.0,6925.13,19.53,19.75,56.50666666666667,83.37,22.41150321063333,91.5430318095,6.458597408579999,9647.82,159.6266666666667,2.5186,1,0.0007
wheat,2006,494.0,6925.13,23.28,19.75,56.50666666666667,83.37,22.41150321063333,91.5430318095,6.458597408579999,11500.32,159.6266666666667,2.5186,1,0.0007
maize,2007,494.0,5935.96,25.16,92.5,27.72,40.03,25.54801230123333,80.86514223373334,6.366591158586667,12429.04,160.25,3.4265,0,0.9921
maize,2007,494.0,5935.96,23.33,92.5,27.72,40.03,25.54801230123333,80.86514223373334,6.366591158586667,11525.02,160.25,3.4265,0,0.9921
maize,2007,494.0,5935.96,27.69,92.5,27.72,40.03,25.54801230123333,80.86514223373334,6.366591158586667,13678.86,160.25,3.4265,0,0.9921
maize,2007,494.0,5935.96,23.33,92.5,27.72,40.03,25.54801230123333,80.86514223373334,6.366591158586667,11525.02,160.25,3.4265,0,0.9921
maize,2007,494.0,5935.96,27.21,92.5,27.72,40.03,25.54801230123333,80.86514223373334,6.366591158586667,13441.74,160.25,3.4265,0,0.9921
maize,2007,494.0,5935.96,25.16,92.5,27.72,40.03,25.54801230123333,80.86514223373334,6.366591158586667,12429.04,160.25,3.4265,0,0.9921
maize,2007,494.0,5935.96,26.53,92.5,27.72,40.03,25.54801230123333,80.86514223373334,6.366591158586667,13105.82,160.25,3.4265,0,0.9921
maize,2007,494.0,5935.96,19.5,92.5,27.72,40.03,25.54801230123333,80.86514223373334,6.366591158586667,9633.0,160.25,3.4265,0,0.9921
maize,2007,494.0,5935.96,23.33,92.5,27.72,40.03,25.54801230123333,80.86514223373334,6.366591158586667,11525.02,160.25,3.4265,0,0.9921
wheat,2007,494.0,5935.96,25.16,19.75,56.50666666666667,83.37,22.41150321063333,91.5430318095,6.458597408579999,12429.04,159.6266666666667,2.7156,1,0.0007
wheat,2007,494.0,5935.96,23.33,19.75,56.50666666666667,83.37,22.41150321063333,91.5430318095,6.458597408579999,11525.02,159.6266666666667,2.7156,1,0.0007
wheat,2007,494.0,5935.96,27.69,19.75,56.50666666666667,83.37,22.41150321063333,91.5430318095,6.458597408579999,13678.86,159.6266666666667,2.7156,1,0.0007
wheat,2007,494.0,5935.96,23.33,19.75,56.50666666666667,83.37,22.41150321063333,91.5430318095,6.458597408579999,11525.02,159.6266666666667,2.7156,1,0.0007
wheat,2007,494.0,5935.96,27.21,19.75,56.50666666666667,83.37,22.41150321063333,91.5430318095,6.458597408579999,13441.74,159.6266666666667,2.7156,1,0.0007
wheat,2007,494.0,5935.96,25.16,19.75,56.50666666666667,83.37,22.41150321063333,91.5430318095,6.458597408579999,12429.04,159.6266666666667,2.7156,1,0.0007
wheat,2007,494.0,5935.96,26.53,19.75,56.50666666666667,83.37,22.41150321063333,91.5430318095,6.458597408579999,13105.82,159.6266666666667,2.7156,1,0.0007
wheat,2007,494.0,5935.96,19.5,19.75,56.50666666666667,83.37,22.41150321063333,91.5430318095,6.458597408579999,9633.0,159.6266666666667,2.7156,1,0.0007
wheat,2007,494.0,5935.96,23.33,19.75,56.50666666666667,83.37,22.41150321063333,91.5430318095,6.458597408579999,11525.02,159.6266666666667,2.7156,1,0.0007
maize,2008,494.0,4946.79,24.89,92.5,27.72,40.03,25.54801230123333,80.86514223373334,6.366591158586667,12295.66,160.25,3.4154,0,0.9921
maize,2008,494.0,4946.79,23.21,92.5,27.72,40.03,25.54801230123333,80.86514223373334,6.366591158586667,11465.74,160.25,3.4154,0,0.9921
maize,2008,494.0,4946.79,27.23,92.5,27.72,40.03,25.54801230123333,80.86514223373334,6.366591158586667,13451.62,160.25,3.4154,0,0.9921
maize,2008,494.0,4946.79,23.21,92.5,27.72,40.03,25.54801230123333,80.86514223373334,6.366591158586667,11465.74,160.25,3.4154,0,0.9921
maize,2008,494.0,4946.79,26.74,92.5,27.72,40.03,25.54801230123333,80.86514223373334,6.366591158586667,13209.56,160.25,3.4154,0,0.9921
maize,2008,494.0,4946.79,24.89,92.5,27.72,40.03,25.54801230123333,80.86514223373334,6.366591158586667,12295.66,160.25,3.4154,0,0.9921
maize,2008,494.0,4946.79,26.33,92.5,27.72,40.03,25.54801230123333,80.86514223373334,6.366591158586667,13007.02,160.25,3.4154,0,0.9921
maize,2008,494.0,4946.79,19.34,92.5,27.72,40.03,25.54801230123333,80.86514223373334,6.366591158586667,9553.96,160.25,3.4154,0,0.9921
maize,2008,494.0,4946.79,23.21,92.5,27.72,40.03,25.54801230123333,80.86514223373334,6.366591158586667,11465.74,160.25,3.4154,0,0.9921
wheat,2008,494.0,4946.79,24.89,19.75,56.50666666666667,83.37,22.41150321063333,91.5430318095,6.458597408579999,12295.66,159.6266666666667,2.4514,1,0.0007
wheat,2008,494.0,4946.79,23.21,19.75,56.50666666666667,83.37,22.41150321063333,91.5430318095,6.458597408579999,11465.74,159.6266666666667,2.4514,1,0.0007
wheat,2008,494.0,4946.79,27.23,19.75,56.50666666666667,83.37,22.41150321063333,91.5430318095,6.458597408579999,13451.62,159.6266666666667,2.4514,1,0.0007
wheat,2008,494.0,4946.79,23.21,19.75,56.50666666666667,83.37,22.41150321063333,91.5430318095,6.458597408579999,11465.74,159.6266666666667,2.4514,1,0.0007
wheat,2008,494.0,4946.79,26.74,19.75,56.50666666666667,83.37,22.41150321063333,91.5430318095,6.458597408579999,13209.56,159.6266666666667,2.4514,1,0.0007
wheat,2008,494.0,4946.79,24.89,19.75,56.50666666666667,83.37,22.41150321063333,91.5430318095,6.458597408579999,12295.66,159.6266666666667,2.4514,1,0.0007
wheat,2008,494.0,4946.79,26.33,19.75,56.50666666666667,83.37,22.41150321063333,91.5430318095,6.458597408579999,13007.02,159.6266666666667,2.4514,1,0.0007
wheat,2008,494.0,4946.79,19.34,19.75,56.50666666666667,83.37,22.41150321063333,91.5430318095,6.458597408579999,9553.96,159.6266666666667,2.4514,1,0.0007
wheat,2008,494.0,4946.79,23.21,19.75,56.50666666666667,83.37,22.41150321063333,91.5430318095,6.458597408579999,11465.74,159.6266666666667,2.4514,1,0.0007
maize,2009,494.0,3957.61,25.37,92.5,27.72,40.03,25.54801230123333,80.86514223373334,6.366591158586667,12532.78,160.25,3.4879,0,0.9921
maize,2009,494.0,3957.61,23.62,92.5,27.72,40.03,25.54801230123333,80.86514223373334,6.366591158586667,11668.28,160.25,3.4879,0,0.9921
maize,2009,494.0,3957.61,27.88,92.5,27.72,40.03,25.54801230123333,80.86514223373334,6.366591158586667,13772.72,160.25,3.4879,0,0.9921
maize,2009,494.0,3957.61,23.62,92.5,27.72,40.03,25.54801230123333,80.86514223373334,6.366591158586667,11668.28,160.25,3.4879,0,0.9921
maize,2009,494.0,3957.61,27.41,92.5,27.72,40.03,25.54801230123333,80.86514223373334,6.366591158586667,13540.54,160.25,3.4879,0,0.9921
maize,2009,494.0,3957.61,25.37,92.5,27.72,40.03,25.54801230123333,80.86514223373334,6.366591158586667,12532.78,160.25,3.4879,0,0.9921
maize,2009,494.0,3957.61,26.68,92.5,27.72,40.03,25.54801230123333,80.86514223373334,6.366591158586667,13179.92,160.25,3.4879,0,0.9921
maize,2009,494.0,3957.61,19.3,92.5,27.72,40.03,25.54801230123333,80.86514223373334,6.366591158586667,9534.2,160.25,3.4879,0,0.9921
maize,2009,494.0,3957.61,23.62,92.5,27.72,40.03,25.54801230123333,80.86514223373334,6.366591158586667,11668.28,160.25,3.4879,0,0.9921
wheat,2009,494.0,3957.61,25.37,19.75,56.50666666666667,83.37,22.41150321063333,91.5430318095,6.458597408579999,12532.78,159.6266666666667,2.6568,1,0.0007
wheat,2009,494.0,3957.61,23.62,19.75,56.50666666666667,83.37,22.41150321063333,91.5430318095,6.458597408579999,11668.28,159.6266666666667,2.6568,1,0.0007
wheat,2009,494.0,3957.61,27.88,19.75,56.50666666666667,83.37,22.41150321063333,91.5430318095,6.458597408579999,13772.72,159.6266666666667,2.6568,1,0.0007
wheat,2009,494.0,3957.61,23.62,19.75,56.50666666666667,83.37,22.41150321063333,91.5430318095,6.458597408579999,11668.28,159.6266666666667,2.6568,1,0.0007
wheat,2009,494.0,3957.61,27.41,19.75,56.50666666666667,83.37,22.41150321063333,91.5430318095,6.458597408579999,13540.54,159.6266666666667,2.6568,1,0.0007
wheat,2009,494.0,3957.61,25.37,19.75,56.50666666666667,83.37,22.41150321063333,91.5430318095,6.458597408579999,12532.78,159.6266666666667,2.6568,1,0.0007
wheat,2009,494.0,3957.61,26.68,19.75,56.50666666666667,83.37,22.41150321063333,91.5430318095,6.458597408579999,13179.92,159.6266666666667,2.6568,1,0.0007
wheat,2009,494.0,3957.61,19.3,19.75,56.50666666666667,83.37,22.41150321063333,91.5430318095,6.458597408579999,9534.2,159.6266666666667,2.6568,1,0.0007
wheat,2009,494.0,3957.61,23.62,19.75,56.50666666666667,83.37,22.41150321063333,91.5430318095,6.458597408579999,11668.28,159.6266666666667,2.6568,1,0.0007
maize,2010,494.0,2968.44,25.48,92.5,27.72,40.03,25.54801230123333,80.86514223373334,6.366591158586667,12587.12,160.25,3.8052,0,0.9921
maize,2010,494.0,2968.44,23.75,92.5,27.72,40.03,25.54801230123333,80.86514223373334,6.366591158586667,11732.5,160.25,3.8052,0,0.9921
maize,2010,494.0,2968.44,28.0,92.5,27.72,40.03,25.54801230123333,80.86514223373334,6.366591158586667,13832.0,160.25,3.8052,0,0.9921
maize,2010,494.0,2968.44,23.75,92.5,27.72,40.03,25.54801230123333,80.86514223373334,6.366591158586667,11732.5,160.25,3.8052,0,0.9921
maize,2010,494.0,2968.44,27.45,92.5,27.72,40.03,25.54801230123333,80.86514223373334,6.366591158586667,13560.3,160.25,3.8052,0,0.9921
maize,2010,494.0,2968.44,25.48,92.5,27.72,40.03,25.54801230123333,80.86514223373334,6.366591158586667,12587.12,160.25,3.8052,0,0.9921
maize,2010,494.0,2968.44,26.79,92.5,27.72,40.03,25.54801230123333,80.86514223373334,6.366591158586667,13234.26,160.25,3.8052,0,0.9921
maize,2010,494.0,2968.44,19.52,92.5,27.72,40.03,25.54801230123333,80.86514223373334,6.366591158586667,9642.88,160.25,3.8052,0,0.9921
maize,2010,494.0,2968.44,23.75,92.5,27.72,40.03,25.54801230123333,80.86514223373334,6.366591158586667,11732.5,160.25,3.8052,0,0.9921
wheat,2010,494.0,2968.44,25.48,19.75,56.50666666666667,83.37,22.41150321063333,91.5430318095,6.458597408579999,12587.12,159.6266666666667,2.5528,1,0.0007
wheat,2010,494.0,2968.44,23.75,19.75,56.50666666666667,83.37,22.41150321063333,91.5430318095,6.458597408579999,11732.5,159.6266666666667,2.5528,1,0.0007
wheat,2010,494.0,2968.44,28.0,19.75,56.50666666666667,83.37,22.41150321063333,91.5430318095,6.458597408579999,13832.0,159.6266666666667,2.5528,1,0.0007
wheat,2010,494.0,2968.44,23.75,19.75,56.50666666666667,83.37,22.41150321063333,91.5430318095,6.458597408579999,11732.5,159.6266666666667,2.5528,1,0.0007
wheat,2010,494.0,2968.44,27.45,19.75,56.50666666666667,83.37,22.41150321063333,91.5430318095,6.458597408579999,13560.3,159.6266666666667,2.5528,1,0.0007
wheat,2010,494.0,2968.44,25.48,19.75,56.50666666666667,83.37,22.41150321063333,91.5430318095,6.458597408579999,12587.12,159.6266666666667,2.5528,1,0.0007
wheat,2010,494.0,2968.44,26.79,19.75,56.50666666666667,83.37,22.41150321063333,91.5430318095,6.458597408579999,13234.26,159.6266666666667,2.5528,1,0.0007
wheat,2010,494.0,2968.44,19.52,19.75,56.50666666666667,83.37,22.41150321063333,91.5430318095,6.458597408579999,9642.88,159.6266666666667,2.5528,1,0.0007
wheat,2010,494.0,2968.44,23.75,19.75,56.50666666666667,83.37,22.41150321063333,91.5430318095,6.458597408579999,11732.5,159.6266666666667,2.5528,1,0.0007
maize,2011,494.0,1979.27,24.98,92.5,27.72,40.03,25.54801230123333,80.86514223373334,6.366591158586667,12340.12,160.25,3.9897,0,0.9921
maize,2011,494.0,1979.27,23.36,92.5,27.72,40.03,25.54801230123333,80.86514223373334,6.366591158586667,11539.84,160.25,3.9897,0,0.9921
maize,2011,494.0,1979.27,27.41,92.5,27.72,40.03,25.54801230123333,80.86514223373334,6.366591158586667,13540.54,160.25,3.9897,0,0.9921
maize,2011,494.0,1979.27,23.36,92.5,27.72,40.03,25.54801230123333,80.86514223373334,6.366591158586667,11539.84,160.25,3.9897,0,0.9921
maize,2011,494.0,1979.27,27.02,92.5,27.72,40.03,25.54801230123333,80.86514223373334,6.366591158586667,13347.88,160.25,3.9897,0,0.9921
maize,2011,494.0,1979.27,24.98,92.5,27.72,40.03,25.54801230123333,80.86514223373334,6.366591158586667,12340.12,160.25,3.9897,0,0.9921
maize,2011,494.0,1979.27,26.32,92.5,27.72,40.03,25.54801230123333,80.86514223373334,6.366591158586667,13002.08,160.25,3.9897,0,0.9921
maize,2011,494.0,1979.27,19.53,92.5,27.72,40.03,25.54801230123333,80.86514223373334,6.366591158586667,9647.82,160.25,3.9897,0,0.9921
maize,2011,494.0,1979.27,23.36,92.5,27.72,40.03,25.54801230123333,80.86514223373334,6.366591158586667,11539.84,160.25,3.9897,0,0.9921
wheat,2011,494.0,1979.27,24.98,19.75,56.50666666666667,83.37,22.41150321063333,91.5430318095,6.458597408579999,12340.12,159.6266666666667,2.8328,1,0.0007
wheat,2011,494.0,1979.27,23.36,19.75,56.50666666666667,83.37,22.41150321063333,91.5430318095,6.458597408579999,11539.84,159.6266666666667,2.8328,1,0.0007
wheat,2011,494.0,1979.27,27.41,19.75,56.50666666666667,83.37,22.41150321063333,91.5430318095,6.458597408579999,13540.54,159.6266666666667,2.8328,1,0.0007
wheat,2011,494.0,1979.27,23.36,19.75,56.50666666666667,83.37,22.41150321063333,91.5430318095,6.458597408579999,11539.84,159.6266666666667,2.8328,1,0.0007
wheat,2011,494.0,1979.27,27.02,19.75,56.50666666666667,83.37,22.41150321063333,91.5430318095,6.458597408579999,13347.88,159.6266666666667,2.8328,1,0.0007
wheat,2011,494.0,1979.27,24.98,19.75,56.50666666666667,83.37,22.41150321063333,91.5430318095,6.458597408579999,12340.12,159.6266666666667,2.8328,1,0.0007
wheat,2011,494.0,1979.27,26.32,19.75,56.50666666666667,83.37,22.41150321063333,91.5430318095,6.458597408579999,13002.08,159.6266666666667,2.8328,1,0.0007
wheat,2011,494.0,1979.27,19.53,19.75,56.50666666666667,83.37,22.41150321063333,91.5430318095,6.458597408579999,9647.82,159.6266666666667,2.8328,1,0.0007
wheat,2011,494.0,1979.27,23.36,19.75,56.50666666666667,83.37,22.41150321063333,91.5430318095,6.458597408579999,11539.84,159.6266666666667,2.8328,1,0.0007
maize,2012,494.0,990.09,24.87,92.5,27.72,40.03,25.54801230123333,80.86514223373334,6.366591158586667,12285.78,160.25,3.983,0,0.9921
maize,2012,494.0,990.09,23.1,92.5,27.72,40.03,25.54801230123333,80.86514223373334,6.366591158586667,11411.4,160.25,3.983,0,0.9921
maize,2012,494.0,990.09,27.23,92.5,27.72,40.03,25.54801230123333,80.86514223373334,6.366591158586667,13451.62,160.25,3.983,0,0.9921
maize,2012,494.0,990.09,23.1,92.5,27.72,40.03,25.54801230123333,80.86514223373334,6.366591158586667,11411.4,160.25,3.983,0,0.9921
maize,2012,494.0,990.09,26.75,92.5,27.72,40.03,25.54801230123333,80.86514223373334,6.366591158586667,13214.5,160.25,3.983,0,0.9921
maize,2012,494.0,990.09,24.87,92.5,27.72,40.03,25.54801230123333,80.86514223373334,6.366591158586667,12285.78,160.25,3.983,0,0.9921
maize,2012,494.0,990.09,26.11,92.5,27.72,40.03,25.54801230123333,80.86514223373334,6.366591158586667,12898.34,160.25,3.983,0,0.9921
maize,2012,494.0,990.09,18.74,92.5,27.72,40.03,25.54801230123333,80.86514223373334,6.366591158586667,9257.56,160.25,3.983,0,0.9921
maize,2012,494.0,990.09,23.1,92.5,27.72,40.03,25.54801230123333,80.86514223373334,6.366591158586667,11411.4,160.25,3.983,0,0.9921
wheat,2012,494.0,990.09,24.87,19.75,56.50666666666667,83.37,22.41150321063333,91.5430318095,6.458597408579999,12285.78,159.6266666666667,2.7138,1,0.0007
wheat,2012,494.0,990.09,23.1,19.75,56.50666666666667,83.37,22.41150321063333,91.5430318095,6.458597408579999,11411.4,159.6266666666667,2.7138,1,0.0007
wheat,2012,494.0,990.09,27.23,19.75,56.50666666666667,83.37,22.41150321063333,91.5430318095,6.458597408579999,13451.62,159.6266666666667,2.7138,1,0.0007
wheat,2012,494.0,990.09,23.1,19.75,56.50666666666667,83.37,22.41150321063333,91.5430318095,6.458597408579999,11411.4,159.6266666666667,2.7138,1,0.0007
wheat,2012,494.0,990.09,26.75,19.75,56.50666666666667,83.37,22.41150321063333,91.5430318095,6.458597408579999,13214.5,159.6266666666667,2.7138,1,0.0007
wheat,2012,494.0,990.09,24.87,19.75,56.50666666666667,83.37,22.41150321063333,91.5430318095,6.458597408579999,12285.78,159.6266666666667,2.7138,1,0.0007
wheat,2012,494.0,990.09,26.11,19.75,56.50666666666667,83.37,22.41150321063333,91.5430318095,6.458597408579999,12898.34,159.6266666666667,2.7138,1,0.0007
wheat,2012,494.0,990.09,18.74,19.75,56.50666666666667,83.37,22.41150321063333,91.5430318095,6.458597408579999,9257.56,159.6266666666667,2.7138,1,0.0007
wheat,2012,494.0,990.09,23.1,19.75,56.50666666666667,83.37,22.41150321063333,91.5430318095,6.458597408579999,11411.4,159.6266666666667,2.7138,1,0.0007
maize,2013,494.0,0.92,25.95,92.5,27.72,40.03,25.54801230123333,80.86514223373334,6.366591158586667,12819.3,160.25,4.2313,0,0.9921
maize,2013,494.0,0.92,24.27,92.5,27.72,40.03,25.54801230123333,80.86514223373334,6.366591158586667,11989.38,160.25,4.2313,0,0.9921
maize,2013,494.0,0.92,27.9,92.5,27.72,40.03,25.54801230123333,80.86514223373334,6.366591158586667,13782.6,160.25,4.2313,0,0.9921
maize,2013,494.0,0.92,24.27,92.5,27.72,40.03,25.54801230123333,80.86514223373334,6.366591158586667,11989.38,160.25,4.2313,0,0.9921
maize,2013,494.0,0.92,27.21,92.5,27.72,40.03,25.54801230123333,80.86514223373334,6.366591158586667,13441.74,160.25,4.2313,0,0.9921
maize,2013,494.0,0.92,25.95,92.5,27.72,40.03,25.54801230123333,80.86514223373334,6.366591158586667,12819.3,160.25,4.2313,0,0.9921
maize,2013,494.0,0.92,27.38,92.5,27.72,40.03,25.54801230123333,80.86514223373334,6.366591158586667,13525.72,160.25,4.2313,0,0.9921
maize,2013,494.0,0.92,19.98,92.5,27.72,40.03,25.54801230123333,80.86514223373334,6.366591158586667,9870.12,160.25,4.2313,0,0.9921
maize,2013,494.0,0.92,24.27,92.5,27.72,40.03,25.54801230123333,80.86514223373334,6.366591158586667,11989.38,160.25,4.2313,0,0.9921
wheat,2013,494.0,0.92,25.95,19.75,56.50666666666667,83.37,22.41150321063333,91.5430318095,6.458597408579999,12819.3,159.6266666666667,2.7957,1,0.0007
wheat,2013,494.0,0.92,24.27,19.75,56.50666666666667,83.37,22.41150321063333,91.5430318095,6.458597408579999,11989.38,159.6266666666667,2.7957,1,0.0007
wheat,2013,494.0,0.92,27.9,19.75,56.50666666666667,83.37,22.41150321063333,91.5430318095,6.458597408579999,13782.6,159.6266666666667,2.7957,1,0.0007
wheat,2013,494.0,0.92,24.27,19.75,56.50666666666667,83.37,22.41150321063333,91.5430318095,6.458597408579999,11989.38,159.6266666666667,2.7957,1,0.0007
wheat,2013,494.0,0.92,27.21,19.75,56.50666666666667,83.37,22.41150321063333,91.5430318095,6.458597408579999,13441.74,159.6266666666667,2.7957,1,0.0007
wheat,2013,494.0,0.92,25.95,19.75,56.50666666666667,83.37,22.41150321063333,91.5430318095,6.458597408579999,12819.3,159.6266666666667,2.7957,1,0.0007
wheat,2013,494.0,0.92,27.38,19.75,56.50666666666667,83.37,22.41150321063333,91.5430318095,6.458597408579999,13525.72,159.6266666666667,2.7957,1,0.0007
wheat,2013,494.0,0.92,19.98,19.75,56.50666666666667,83.37,22.41150321063333,91.5430318095,6.458597408579999,9870.12,159.6266666666667,2.7957,1,0.0007
wheat,2013,494.0,0.92,24.27,19.75,56.50666666666667,83.37,22.41150321063333,91.5430318095,6.458597408579999,11989.38,159.6266666666667,2.7957,1,0.0007
